{"name":"Lotofácil","image":"image_default.png","imagePreview":"image_preview.png","imageWidth":644.0,"imageHeight":1095.0,"dpi":200,"pricePerGame":2.5,"groupMap":{"Group_1":[{"id":"937cb130-86f1-42c7-9fb8-47b1051f7d7d","toggleValue":"01","group":"Group_1","type":"option","x":502.0,"y":200.0,"width":16.0,"height":10.0},{"id":"da62d4ef-ce5e-4e5d-96f1-cf68a8035972","toggleValue":"02","group":"Group_1","type":"option","x":502.0,"y":234.0,"width":16.0,"height":10.0},{"id":"63eb4374-2b23-412d-968d-cebda2f2c441","toggleValue":"03","group":"Group_1","type":"option","x":502.0,"y":272.0,"width":16.0,"height":10.0},{"id":"0254f7f7-a0aa-4287-9b79-0cb74deadc80","toggleValue":"04","group":"Group_1","type":"option","x":502.0,"y":306.0,"width":16.0,"height":10.0},{"id":"dd5e0a50-26bc-4ef3-b8e4-ab495ab2d5ad","toggleValue":"05","group":"Group_1","type":"option","x":502.0,"y":342.0,"width":16.0,"height":10.0},{"id":"c14e8c3b-26b8-4ab4-b224-d799bc3aaee9","toggleValue":"06","group":"Group_1","type":"option","x":404.0,"y":198.0,"width":16.0,"height":10.0},{"id":"5b15be7b-227f-4a84-a68e-f8265ede5e1d","toggleValue":"07","group":"Group_1","type":"option","x":404.0,"y":234.0,"width":16.0,"height":10.0},{"id":"393ee296-7121-4eff-b974-5a59c4fa65b7","toggleValue":"08","group":"Group_1","type":"option","x":404.0,"y":270.0,"width":16.0,"height":10.0},{"id":"13c8db29-1bc1-43a0-84a5-7baef4dfa3fa","toggleValue":"09","group":"Group_1","type":"option","x":404.0,"y":306.0,"width":16.0,"height":10.0},{"id":"22a56029-6748-4df9-b696-e82dc4cfa75d","toggleValue":"10","group":"Group_1","type":"option","x":404.0,"y":342.0,"width":16.0,"height":10.0},{"id":"667e9e66-75bb-42a1-aa54-0aa07f26fef1","toggleValue":"11","group":"Group_1","type":"option","x":300.0,"y":198.0,"width":16.0,"height":10.0},{"id":"d36559ea-1a57-4ff0-8c42-08d34f35f7bc","toggleValue":"12","group":"Group_1","type":"option","x":300.0,"y":234.0,"width":16.0,"height":10.0},{"id":"0f4fd31f-403d-437a-b0e9-f17daef790d9","toggleValue":"13","group":"Group_1","type":"option","x":300.0,"y":270.0,"width":16.0,"height":10.0},{"id":"ce394ee9-a995-4877-86ef-7187aae39ad3","toggleValue":"14","group":"Group_1","type":"option","x":300.0,"y":306.0,"width":16.0,"height":10.0},{"id":"70bf0135-0ebf-425b-b1d2-fa994b380d14","toggleValue":"15","group":"Group_1","type":"option","x":300.0,"y":342.0,"width":16.0,"height":10.0},{"id":"a0c8520d-c35c-4797-b13b-d73f8d237f0b","toggleValue":"16","group":"Group_1","type":"option","x":198.0,"y":198.0,"width":16.0,"height":10.0},{"id":"1ae42de0-a8b1-4121-9924-2bacf01e39ce","toggleValue":"17","group":"Group_1","type":"option","x":198.0,"y":234.0,"width":16.0,"height":10.0},{"id":"4b22581f-768b-40a4-b29c-b86f806c5268","toggleValue":"18","group":"Group_1","type":"option","x":198.0,"y":270.0,"width":16.0,"height":10.0},{"id":"93cb1a97-bda9-4011-9450-01bf98be192e","toggleValue":"19","group":"Group_1","type":"option","x":198.0,"y":306.0,"width":16.0,"height":10.0},{"id":"1124f757-35c8-4fcb-a0e1-3556345a1df7","toggleValue":"20","group":"Group_1","type":"option","x":198.0,"y":342.0,"width":16.0,"height":10.0},{"id":"c2bba53c-9978-4d25-94d2-8058d8f10d8f","toggleValue":"21","group":"Group_1","type":"option","x":98.0,"y":198.0,"width":16.0,"height":10.0},{"id":"3ac6e7db-2d89-4d61-b559-2db2fd89d5ef","toggleValue":"22","group":"Group_1","type":"option","x":100.0,"y":234.0,"width":16.0,"height":10.0},{"id":"72bf21dc-07d7-48cc-8769-38837183fd3a","toggleValue":"23","group":"Group_1","type":"option","x":100.0,"y":270.0,"width":16.0,"height":10.0},{"id":"e91e1563-0f7a-4932-abe1-b5ec8a8eb9e1","toggleValue":"24","group":"Group_1","type":"option","x":102.0,"y":306.0,"width":16.0,"height":10.0},{"id":"d05e1845-5a53-4cec-8875-07bab73a8266","toggleValue":"25","group":"Group_1","type":"option","x":100.0,"y":342.0,"width":16.0,"height":10.0}],"Group_2":[{"id":"94c946be-8b85-4a9a-851d-5cdff9582abf","toggleValue":"25","group":"Group_2","type":"option","x":102.0,"y":542.0,"width":16.0,"height":10.0},{"id":"63660901-e0a6-439b-8032-4d5686163293","toggleValue":"01","group":"Group_2","type":"option","x":504.0,"y":398.0,"width":16.0,"height":10.0},{"id":"a9aed2b2-6920-47bc-b9f6-b4444c83fe6e","toggleValue":"02","group":"Group_2","type":"option","x":502.0,"y":434.0,"width":16.0,"height":10.0},{"id":"d4b905d1-5f8f-4b5b-992c-8b8396e48949","toggleValue":"03","group":"Group_2","type":"option","x":504.0,"y":470.0,"width":16.0,"height":10.0},{"id":"1a4f00b9-0ce0-4d7d-aecf-8820fed6a768","toggleValue":"04","group":"Group_2","type":"option","x":502.0,"y":504.0,"width":16.0,"height":10.0},{"id":"527bebb5-4cc2-4314-8087-6d5a747194c2","toggleValue":"05","group":"Group_2","type":"option","x":502.0,"y":542.0,"width":16.0,"height":10.0},{"id":"1c9184ef-15e3-4709-b195-9bbb56191784","toggleValue":"06","group":"Group_2","type":"option","x":404.0,"y":398.0,"width":16.0,"height":10.0},{"id":"1f46048a-aa33-4a0f-be45-7d8ecdcf4256","toggleValue":"07","group":"Group_2","type":"option","x":404.0,"y":434.0,"width":16.0,"height":10.0},{"id":"439c6bc6-62af-4294-8521-6ead21481d7c","toggleValue":"08","group":"Group_2","type":"option","x":404.0,"y":468.0,"width":16.0,"height":10.0},{"id":"fc8a3137-8a58-46b5-93b3-ab3fd351e028","toggleValue":"09","group":"Group_2","type":"option","x":406.0,"y":504.0,"width":16.0,"height":10.0},{"id":"a3bd1548-97bd-4d85-84f4-95f455faa9b2","toggleValue":"10","group":"Group_2","type":"option","x":406.0,"y":542.0,"width":16.0,"height":10.0},{"id":"d13af625-8c3e-4f81-b614-f8e41fd3cdcb","toggleValue":"11","group":"Group_2","type":"option","x":302.0,"y":398.0,"width":16.0,"height":10.0},{"id":"149dbc18-8b54-45cf-adbc-1d771f47c554","toggleValue":"12","group":"Group_2","type":"option","x":302.0,"y":434.0,"width":16.0,"height":10.0},{"id":"904e9212-d3b5-4625-a724-d51342598b83","toggleValue":"13","group":"Group_2","type":"option","x":302.0,"y":470.0,"width":16.0,"height":10.0},{"id":"2d1292d6-cf7a-4dae-99ab-7a6bbb890acc","toggleValue":"14","group":"Group_2","type":"option","x":302.0,"y":506.0,"width":16.0,"height":10.0},{"id":"b60bf7f8-4fee-4e88-beeb-0f023bbe0c68","toggleValue":"15","group":"Group_2","type":"option","x":302.0,"y":542.0,"width":16.0,"height":10.0},{"id":"14eed84c-898f-44a3-81cd-cba4284369bb","toggleValue":"16","group":"Group_2","type":"option","x":200.0,"y":398.0,"width":16.0,"height":10.0},{"id":"686b41e4-86d8-440b-a74b-114c99e38265","toggleValue":"17","group":"Group_2","type":"option","x":200.0,"y":434.0,"width":16.0,"height":10.0},{"id":"dddd456b-b8d0-458e-8d62-a4e3863a8edc","toggleValue":"18","group":"Group_2","type":"option","x":202.0,"y":468.0,"width":16.0,"height":10.0},{"id":"94055f6f-75e6-49d8-94e1-7dba98d6e2fc","toggleValue":"19","group":"Group_2","type":"option","x":202.0,"y":504.0,"width":16.0,"height":10.0},{"id":"72c28160-73a5-40d5-a553-5678c44562ad","toggleValue":"20","group":"Group_2","type":"option","x":200.0,"y":542.0,"width":16.0,"height":10.0},{"id":"096874f4-c22c-4aac-8aa7-928ab31d9e3c","toggleValue":"21","group":"Group_2","type":"option","x":102.0,"y":398.0,"width":16.0,"height":10.0},{"id":"38b210ef-5e66-47bc-a247-e4e9baaa95fc","toggleValue":"22","group":"Group_2","type":"option","x":100.0,"y":434.0,"width":16.0,"height":10.0},{"id":"7a68fd57-a91c-4725-84a6-1d5418a3c5f8","toggleValue":"23","group":"Group_2","type":"option","x":102.0,"y":470.0,"width":16.0,"height":10.0},{"id":"f409bfcc-a525-4016-8394-d6ab9090f319","toggleValue":"24","group":"Group_2","type":"option","x":102.0,"y":504.0,"width":16.0,"height":10.0}]},"numberCountMap":[{"id":"72e0b34b-2dbc-4443-a2db-6e99894ccaf9","toggleValue":"15","group":"Group_1","type":"numberCount","x":98.0,"y":602.0,"width":16.0,"height":10.0},{"id":"8e2e372a-abf9-4db0-883a-445961030e2f","toggleValue":"16","group":"Group_1","type":"numberCount","x":196.0,"y":603.0,"width":16.0,"height":10.0},{"id":"d4ecf452-abda-4ae1-9054-6b682cd819b2","toggleValue":"17","group":"Group_1","type":"numberCount","x":298.0,"y":603.0,"width":16.0,"height":10.0},{"id":"ac8d884c-27b2-4641-9284-1e89a6975d29","toggleValue":"18","group":"Group_1","type":"numberCount","x":401.0,"y":604.0,"width":16.0,"height":10.0}],"groupList":["Group_1","Group_2","Group_3","Group_4"]}